124,124,124,124,123,123,123,123,119,120,120,120,120,120,120,120,119,119,119,118,117,117,118,119,116,119,122,120,112,99,86,78,76,78,77,70,57,48,50,56,63,73,87,89,118,143,50,22,95,154,148,145,148,146,143,146,143,141,137,134,132,132,133,134,141,142,142,139,135,134,138,141,139,140,140,141,142,143,143,144,146,146,147,150,154,159,164,167,162,163,164,165,167,170,175,178,182,187,188,179,167,162,165,169,181,186,195,213,219,227,233,228,230,227,218,230,233,235,234,235,234,229,232,228,233,224,219,221
125,125,125,124,124,123,123,122,120,120,120,120,120,119,119,118,118,118,118,117,117,117,116,116,115,116,118,118,115,112,108,106,103,103,104,101,95,90,92,97,107,114,111,117,124,140,51,5,154,146,140,144,138,136,139,131,130,129,128,127,129,131,132,133,132,130,127,126,128,131,133,135,135,136,137,138,140,141,143,143,144,144,145,146,149,153,156,158,159,159,159,160,161,164,168,172,176,177,180,188,196,197,189,180,160,157,139,151,190,216,227,234,233,229,215,228,236,235,231,235,231,236,242,228,206,199,206,197
123,123,123,123,123,122,122,122,122,121,120,120,120,120,118,117,117,117,116,117,117,116,114,113,113,112,112,111,111,112,114,115,114,113,113,115,115,115,117,119,119,119,123,119,127,69,36,27,140,124,132,129,127,122,123,123,121,120,120,121,123,126,127,127,123,123,123,126,129,131,131,130,134,134,135,137,139,141,143,144,145,145,145,145,147,149,151,153,158,157,157,160,161,162,166,171,171,174,178,184,190,196,198,198,201,192,162,139,146,166,193,210,225,230,219,230,232,235,243,236,241,232,211,189,186,196,111,83
121,121,122,122,122,122,122,122,122,121,120,121,121,121,119,118,117,117,117,117,117,116,114,112,114,114,113,111,110,109,109,109,111,110,111,113,116,117,118,119,120,115,119,114,143,88,16,65,120,117,121,109,120,119,113,118,119,118,117,117,119,120,121,121,122,125,129,131,131,130,131,132,133,134,135,137,139,140,142,143,144,144,144,145,146,148,150,150,154,155,158,164,165,165,168,173,175,176,178,182,187,191,194,194,196,202,210,209,202,188,175,161,174,191,153,176,199,196,184,207,207,187,139,108,106,94,77,90
122,122,123,123,123,124,124,124,122,121,121,122,123,123,122,120,119,119,119,118,117,116,115,114,114,114,113,113,112,111,110,109,110,110,112,113,114,115,116,117,113,123,119,120,134,41,20,128,122,116,114,113,116,116,114,115,117,117,117,116,116,118,120,121,124,126,128,127,126,126,130,134,131,132,133,135,136,138,140,140,141,141,141,142,143,145,146,146,149,151,158,165,167,166,167,170,175,175,179,185,191,194,193,191,192,194,199,208,219,222,217,214,184,138,103,83,106,52,26,40,80,121,85,69,88,85,80,66
124,124,124,124,124,124,123,123,123,122,123,123,124,125,124,123,122,121,120,119,117,116,116,116,114,113,112,111,110,110,110,110,109,111,112,113,113,114,116,118,120,115,118,122,54,44,67,121,113,115,116,120,114,114,116,117,116,116,117,116,116,117,119,122,123,124,124,125,126,127,129,130,130,130,131,133,135,137,138,139,140,140,140,140,141,142,143,143,146,151,159,165,167,166,165,166,171,175,181,186,188,190,193,196,194,198,201,202,204,220,204,174,99,74,87,91,98,98,62,68,69,124,88,97,91,63,61,63
124,124,124,124,124,124,124,124,124,124,125,125,126,126,125,125,123,122,120,119,118,117,116,115,116,115,113,112,112,112,111,111,111,112,113,113,113,114,116,117,117,120,115,145,85,10,119,122,118,120,115,113,113,118,115,116,116,116,117,116,116,117,118,119,121,122,124,126,128,129,129,129,130,130,131,132,134,135,136,137,138,138,138,138,139,140,140,141,146,152,159,162,163,163,164,163,169,173,179,186,191,192,192,193,198,199,202,208,201,199,136,65,71,63,78,88,76,112,96,80,59,84,126,96,73,79,78,43
125,125,125,126,126,126,126,126,125,126,127,127,126,126,126,126,123,121,120,119,119,118,116,114,112,112,112,113,113,113,112,111,112,112,111,111,112,113,114,114,117,114,114,147,24,61,126,115,118,111,115,115,113,114,112,116,115,116,116,117,117,117,117,117,120,122,124,124,125,127,130,133,130,131,131,132,132,133,134,134,134,134,134,135,135,136,137,137,143,150,155,157,157,160,161,160,164,168,175,180,183,185,191,196,195,201,199,206,190,163,98,66,81,85,40,62,73,80,41,38,49,53,123,118,83,68,71,51
127,133,127,132,127,124,130,124,125,125,126,126,126,126,126,126,123,123,121,117,118,114,120,113,116,114,112,112,114,112,113,112,110,113,112,111,112,114,116,113,113,116,140,100,16,109,117,115,113,113,113,113,114,114,115,115,114,115,115,115,116,116,117,117,119,121,123,125,126,127,128,129,132,130,129,129,131,132,131,130,132,131,131,131,130,130,131,133,136,142,147,150,154,156,158,160,165,165,168,177,171,185,187,193,197,200,206,206,190,91,56,49,61,84,46,54,79,64,36,45,62,61,93,140,98,71,77,55
141,84,112,101,133,130,126,125,125,125,126,126,126,126,126,126,126,119,127,119,118,113,116,119,114,107,114,113,112,111,115,114,115,107,110,118,112,110,115,116,115,111,160,35,52,126,116,109,112,112,112,113,113,114,115,115,115,115,115,116,116,117,117,117,119,121,123,124,125,126,127,128,129,129,128,128,129,129,130,130,132,131,130,130,129,128,128,130,134,140,144,146,148,150,153,157,159,166,170,168,180,181,187,193,195,172,104,99,82,62,73,99,120,107,61,42,43,45,50,73,71,51,86,99,80,71,76,55
31,41,45,51,41,114,129,127,125,125,126,126,126,126,125,125,125,121,122,122,123,118,118,114,116,117,115,117,114,115,107,114,111,111,112,115,109,114,112,106,109,147,103,22,91,113,109,115,111,111,112,112,113,114,114,115,115,115,116,116,117,117,117,118,120,121,123,123,124,124,125,126,126,127,127,127,126,127,128,130,132,131,130,129,128,127,127,128,133,139,143,143,144,146,150,156,163,164,170,138,121,111,113,118,113,90,48,43,99,89,126,135,65,79,142,93,58,71,67,69,96,66,62,66,67,66,49,40
54,59,62,70,70,25,138,123,126,126,126,126,126,125,125,124,124,125,123,124,116,121,116,115,115,116,116,106,113,115,118,112,116,114,111,111,112,110,108,115,111,133,45,17,126,108,111,110,111,111,111,112,112,113,114,115,116,116,116,117,117,118,118,118,120,121,123,123,123,123,124,124,125,126,126,126,126,126,128,129,130,129,129,129,128,127,127,127,132,137,141,142,144,146,151,157,162,167,119,86,84,72,61,62,54,77,75,77,139,126,89,143,91,69,131,133,86,114,97,106,117,80,67,66,76,78,92,41
43,46,35,34,39,41,107,133,127,127,127,126,126,125,124,124,125,121,128,125,122,128,118,120,120,116,118,121,118,114,116,112,111,109,114,110,112,110,108,110,127,101,13,86,114,108,111,109,110,110,111,112,112,114,115,115,117,117,117,117,118,118,118,119,121,122,123,124,123,123,123,124,125,125,125,126,126,127,128,129,129,128,127,128,127,127,126,127,128,133,137,141,146,149,154,159,166,156,70,58,70,69,73,47,61,65,43,58,112,121,120,159,127,85,113,119,109,154,97,83,60,65,73,93,103,76,96,70
82,31,50,51,50,32,98,134,127,127,127,127,126,125,125,124,127,127,122,122,124,114,127,120,123,119,123,118,111,116,115,116,113,110,113,108,107,114,108,101,163,34,46,122,108,115,103,110,110,110,111,112,113,114,115,116,117,117,118,118,118,119,119,119,121,123,124,124,124,123,124,124,126,125,125,125,126,127,128,128,128,127,126,127,127,126,126,127,127,131,135,140,147,152,156,161,170,114,78,101,98,74,73,53,26,43,27,30,53,85,111,135,89,84,78,62,82,111,119,118,92,99,75,76,96,97,93,80
84,76,46,46,42,90,137,126,127,127,127,127,127,126,126,126,119,131,123,127,128,125,139,125,86,95,100,94,135,120,81,127,115,114,107,109,107,109,105,134,109,14,106,107,108,107,110,115,111,111,111,112,114,115,116,117,118,118,118,118,119,119,119,119,121,122,124,124,124,124,124,125,125,125,124,125,126,126,127,127,127,126,125,126,127,127,127,128,128,131,134,139,145,148,152,157,163,132,116,99,93,82,63,53,43,17,16,32,60,50,71,70,49,50,101,143,174,156,115,105,98,97,79,62,98,99,79,91
38,76,24,39,51,44,137,129,126,126,127,127,127,127,127,127,128,127,130,128,125,138,79,39,40,43,48,50,35,111,68,79,74,113,111,110,107,107,101,163,35,54,116,109,110,112,109,111,111,111,112,113,114,115,117,117,118,118,118,119,119,119,119,120,121,122,124,124,124,124,124,125,125,124,124,124,125,125,126,126,126,125,124,126,127,129,130,131,130,132,133,136,140,142,145,150,152,160,165,172,173,177,192,196,197,190,172,46,36,33,31,38,35,78,173,157,169,184,170,123,79,85,119,124,102,110,81,63
88,58,33,34,36,47,136,128,127,130,128,127,129,129,128,126,139,135,118,138,137,107,44,59,54,53,54,57,49,109,151,55,85,115,113,110,110,105,149,93,15,113,109,111,108,110,111,111,112,113,114,115,115,116,117,118,119,119,119,119,120,119,119,119,121,122,124,124,123,123,124,125,126,124,123,123,124,126,128,129,126,126,126,127,128,128,129,131,131,131,133,134,136,138,140,141,145,149,154,157,159,165,174,183,194,207,215,126,26,9,15,24,39,72,166,179,200,185,200,105,56,73,91,75,80,86,59,74
64,47,61,52,52,140,123,123,132,124,127,129,128,133,135,152,88,48,56,46,122,109,57,58,57,56,46,53,40,73,117,46,24,129,114,113,106,108,166,16,76,117,107,107,110,110,110,113,112,113,114,115,116,117,118,119,120,120,120,120,121,120,120,120,122,122,123,124,123,123,124,124,125,125,124,124,125,126,127,128,127,127,127,128,129,129,130,132,131,131,132,134,135,137,138,139,141,144,148,150,152,156,165,173,182,193,198,204,210,151,57,20,28,58,151,186,187,202,157,85,84,69,69,63,77,70,75,77
39,51,51,30,109,127,124,134,126,130,131,137,137,133,118,47,51,60,60,61,53,80,47,59,57,46,48,45,54,69,68,44,29,71,121,111,111,178,54,25,118,112,107,107,114,113,108,113,113,114,115,116,117,118,119,120,121,121,121,121,122,122,121,121,122,123,123,124,124,124,124,124,125,125,126,126,125,125,126,127,128,127,128,129,130,131,132,133,133,133,133,134,135,136,137,137,140,142,144,145,146,149,156,163,173,184,196,200,200,212,220,205,94,82,86,131,137,144,93,82,99,117,121,87,78,68,98,111
51,29,27,37,133,123,127,123,127,137,120,104,93,118,52,51,62,60,63,56,47,56,50,46,41,50,57,42,60,87,32,41,50,44,66,116,136,100,9,106,117,105,112,109,112,113,109,113,113,114,115,117,118,119,121,121,121,121,121,122,122,122,122,122,123,124,124,124,124,124,124,124,125,126,128,128,126,126,126,126,128,128,128,130,131,131,132,133,135,135,135,135,135,136,136,136,139,141,143,144,144,147,153,159,169,179,184,194,199,198,210,220,213,94,85,84,111,95,110,118,104,100,97,76,80,85,87,97
67,82,8,144,128,124,128,126,147,92,92,79,111,70,66,69,59,61,54,35,51,36,45,51,46,43,34,33,72,65,35,33,107,104,76,124,153,12,67,119,110,109,112,108,107,112,111,115,113,114,115,116,118,120,121,121,121,121,121,121,122,122,122,122,124,125,125,125,125,125,125,125,126,127,129,129,128,127,126,127,129,128,129,131,131,132,132,134,135,134,134,134,134,134,134,134,136,137,140,142,144,148,154,160,168,173,177,180,186,194,201,206,216,174,75,71,112,93,95,86,85,77,87,78,74,85,81,88
133,129,134,125,121,125,119,142,98,76,69,69,84,62,68,76,78,48,43,39,38,42,38,40,39,27,19,54,35,66,94,136,125,119,115,182,57,31,119,113,111,113,108,108,108,113,112,113,113,114,115,116,118,119,120,120,121,121,121,122,122,122,122,122,125,126,127,127,126,126,126,127,127,128,130,130,129,128,128,128,130,129,130,131,132,132,133,134,132,132,132,131,131,131,131,132,133,134,136,139,143,147,153,159,160,164,171,175,184,188,188,201,201,213,128,87,141,118,91,111,101,90,98,109,119,95,80,86
124,123,123,124,120,127,130,101,82,59,61,59,65,49,69,87,34,33,40,49,35,33,17,26,29,28,52,125,65,49,103,123,118,115,169,103,14,114,115,114,112,111,108,110,111,113,112,112,115,115,116,117,119,120,121,121,122,122,122,123,123,123,123,123,125,127,129,128,127,126,127,129,129,129,130,130,130,130,130,130,130,130,130,132,132,132,132,133,130,130,130,130,130,130,130,130,131,131,132,135,138,142,147,151,150,154,162,168,176,182,184,189,196,202,174,73,103,139,122,120,106,102,91,105,157,144,114,98
123,119,120,121,122,122,135,72,72,57,61,63,52,118,142,98,79,86,49,36,32,18,117,10,15,39,118,107,43,90,134,125,117,147,146,15,95,121,113,114,113,110,113,111,109,110,114,115,117,117,117,118,120,122,122,122,123,123,123,124,124,124,124,124,125,128,130,129,128,127,128,130,130,130,130,130,131,132,132,132,130,129,130,131,132,131,131,132,129,129,130,130,130,130,131,131,129,129,129,131,132,134,138,142,145,147,158,170,170,174,183,180,185,192,197,114,59,121,154,151,139,118,97,103,139,127,102,97
121,119,120,120,121,125,114,63,69,59,62,64,158,114,68,47,56,53,73,25,26,17,119,126,112,170,134,60,80,143,122,120,140,165,22,71,126,115,114,111,110,110,111,111,111,111,113,116,115,117,117,119,121,121,121,123,123,122,124,122,124,126,121,124,128,130,130,129,128,130,131,131,132,130,133,131,130,131,135,131,131,129,127,129,130,131,131,131,131,130,129,129,129,130,130,131,129,128,127,127,129,132,135,138,141,146,153,162,168,173,176,178,179,187,195,162,81,124,166,161,133,126,122,109,103,122,110,98
116,117,120,117,120,121,130,62,60,70,65,86,165,66,55,57,61,59,82,116,75,39,158,153,137,146,127,16,127,126,125,136,178,20,57,130,118,115,115,114,112,111,111,111,111,112,114,117,116,118,119,119,122,125,124,121,122,132,123,124,128,122,125,124,126,127,128,130,128,126,128,131,130,137,128,126,133,131,129,131,131,128,127,128,130,131,131,130,130,130,129,129,129,129,130,130,128,128,127,127,128,131,134,137,137,141,149,157,165,170,174,177,179,176,186,179,95,120,138,139,143,132,135,122,147,152,120,104
128,121,122,114,122,115,147,54,65,63,62,134,122,54,62,55,64,49,83,133,105,108,128,96,101,110,71,76,137,129,131,182,32,50,131,116,115,118,112,116,113,112,111,111,112,113,116,118,117,117,119,120,120,123,124,122,123,121,124,125,125,126,123,124,126,129,129,128,128,130,130,128,128,130,132,131,134,128,128,132,131,128,126,127,130,131,130,129,130,130,130,129,129,129,128,128,127,127,128,127,127,129,132,135,134,138,144,152,159,165,170,173,175,179,181,187,129,101,124,95,162,199,152,133,143,111,135,97
87,98,112,127,118,125,133,99,45,68,105,169,119,55,66,60,60,58,129,126,96,66,57,73,33,14,56,141,126,144,136,31,42,133,118,119,118,114,110,118,115,112,111,111,113,115,117,119,118,116,118,121,119,119,123,126,125,122,126,120,123,130,121,121,126,127,127,124,122,124,126,127,129,123,130,125,128,127,131,131,130,127,126,127,129,129,129,129,130,130,130,130,129,129,128,128,126,127,128,127,127,127,130,133,134,137,142,147,153,160,165,168,171,174,175,187,158,115,119,99,166,194,163,94,119,133,117,96
86,76,61,91,137,142,144,136,156,159,136,147,106,49,49,50,57,77,87,106,90,67,68,54,42,39,15,60,177,124,20,47,137,120,117,115,115,118,119,111,115,112,111,111,113,115,117,119,119,119,119,120,120,121,123,123,119,125,118,123,128,119,119,119,121,121,130,148,161,164,160,159,158,151,134,130,130,127,126,124,127,126,125,126,126,126,127,128,129,129,129,129,129,128,128,127,127,128,129,128,127,127,129,131,134,135,139,143,148,153,158,161,164,166,173,180,168,90,94,109,128,163,148,64,101,88,62,69
58,76,92,101,83,67,68,73,67,69,83,58,102,50,49,51,43,50,55,52,60,70,56,43,22,19,52,156,68,27,62,131,116,118,116,121,114,113,113,117,114,113,111,112,114,115,117,118,119,121,119,116,121,123,120,116,123,121,120,115,115,140,169,173,160,149,127,100,78,65,58,53,41,44,74,125,129,123,127,126,124,124,124,124,123,123,124,126,126,127,127,127,127,127,127,127,127,128,129,129,128,128,129,130,131,132,135,137,141,145,150,152,154,161,168,169,173,84,76,94,118,149,141,78,61,77,73,80
84,50,90,65,64,74,70,68,68,54,51,51,30,50,37,48,67,63,44,65,68,63,73,97,56,119,116,79,20,95,135,119,124,112,122,114,116,120,111,116,114,113,113,114,115,116,117,118,117,120,117,115,121,118,115,121,109,116,161,186,166,126,79,55,51,49,46,47,51,46,28,9,18,8,96,131,123,116,122,125,122,121,121,121,121,121,122,123,123,124,124,124,125,125,125,125,125,126,127,128,128,128,128,128,130,131,132,133,135,138,141,142,147,147,154,163,173,151,86,100,142,159,178,125,125,84,85,99
102,69,80,74,78,64,70,70,64,53,52,40,36,28,55,71,70,72,69,63,62,41,81,95,113,101,29,21,119,128,122,119,116,118,115,119,117,117,119,116,114,113,114,115,116,116,116,118,117,118,116,119,121,111,112,133,195,189,124,62,53,56,60,67,63,59,61,63,47,21,13,21,18,10,138,116,121,125,116,118,121,119,118,119,119,119,120,121,121,121,122,122,123,123,124,124,123,124,125,126,127,127,127,127,130,130,131,131,132,133,134,136,138,146,150,156,161,159,97,107,116,142,137,132,121,99,138,86
132,78,100,90,51,61,61,54,53,41,40,37,53,43,37,45,69,73,45,41,30,72,128,83,101,17,7,123,131,122,117,118,116,116,116,116,116,115,115,115,115,113,116,119,115,114,118,112,117,117,116,117,107,152,208,168,88,57,55,60,62,64,65,64,61,61,63,30,14,16,15,18,18,16,122,123,119,111,114,109,110,113,107,111,113,113,111,117,118,119,119,123,117,123,124,124,119,126,123,120,126,126,124,128,127,129,130,130,130,130,131,131,135,136,145,145,151,152,125,106,155,158,157,100,111,102,102,147
125,131,109,72,52,49,64,92,86,70,37,45,49,44,43,35,27,20,59,88,132,135,45,77,26,23,57,129,119,121,121,118,116,116,116,115,115,115,115,115,114,117,117,115,118,112,115,118,115,117,103,146,227,170,86,61,61,60,61,62,65,76,77,77,91,59,17,10,10,7,9,24,36,49,56,81,108,143,161,165,168,165,179,170,159,153,139,115,110,111,110,115,119,122,121,123,127,121,123,126,123,122,126,128,127,128,128,128,128,128,127,127,131,132,136,141,146,151,138,108,148,130,132,82,87,119,143,165
122,126,122,130,131,132,133,100,79,73,68,64,64,71,49,67,89,122,136,139,137,123,28,36,41,32,136,124,125,120,114,116,115,115,115,115,115,114,114,114,114,118,112,118,116,114,109,119,109,119,222,197,103,65,65,64,61,66,75,84,105,104,105,85,15,7,11,47,68,102,131,126,123,131,143,150,153,151,151,158,161,171,177,182,198,200,208,216,213,185,167,150,126,112,116,118,120,122,122,123,125,122,121,126,124,124,123,124,124,124,124,124,128,131,131,139,137,140,137,96,106,92,115,105,158,157,124,113
124,130,120,118,122,122,124,119,126,129,126,134,132,126,138,132,127,128,129,127,129,45,18,27,21,68,124,120,119,121,116,117,114,114,114,114,114,114,114,114,117,112,116,112,111,117,115,99,183,225,129,70,58,69,68,75,80,90,101,119,120,101,31,36,79,129,149,138,144,133,125,135,143,143,143,145,138,139,148,132,145,143,151,146,150,174,173,182,185,183,191,191,195,198,185,149,114,113,118,124,123,121,122,124,123,123,122,122,121,120,121,122,123,127,128,137,135,138,141,109,56,124,116,155,195,179,175,139
123,121,121,123,121,118,118,119,117,118,119,111,123,120,117,123,125,122,126,135,30,22,31,21,24,90,129,115,120,119,116,114,114,114,114,114,114,114,113,113,113,114,118,119,116,104,131,236,203,96,68,69,72,73,83,94,103,122,113,113,75,60,140,166,146,135,124,123,146,152,153,156,144,138,133,124,120,127,125,124,133,142,139,141,137,141,145,147,155,139,132,142,152,139,158,203,219,195,148,116,118,122,120,123,122,123,124,123,120,117,117,119,119,123,124,128,130,135,141,133,92,104,150,195,195,185,173,159
122,126,119,120,120,114,116,116,114,112,119,121,116,118,121,120,118,123,123,124,29,50,13,36,18,111,119,117,115,116,114,115,114,114,114,114,114,114,114,114,117,120,111,115,104,169,234,157,82,72,69,73,78,89,102,107,110,105,86,29,136,195,164,149,128,132,138,158,151,135,127,117,111,106,99,105,106,102,93,96,82,65,70,67,68,71,82,90,108,129,137,132,133,123,110,106,142,169,192,190,162,123,110,123,120,120,122,123,120,116,116,117,118,120,122,122,124,126,128,134,113,110,182,203,199,176,164,139
121,125,122,120,118,114,115,112,113,116,109,113,115,116,117,117,120,125,122,110,41,37,28,14,37,132,122,113,118,119,109,117,114,114,114,114,114,114,114,114,117,112,117,123,231,225,126,79,80,80,82,81,94,105,117,107,66,28,15,73,214,171,146,127,128,134,131,132,126,122,113,102,95,82,65,40,10,16,6,16,31,42,31,31,48,39,29,14,10,10,11,23,44,77,109,125,114,119,137,146,151,175,168,123,124,120,118,119,120,118,117,117,116,117,120,123,125,125,125,130,127,113,169,184,185,170,118,102
123,118,120,115,112,115,112,112,112,109,114,115,113,114,116,116,118,114,127,77,47,32,28,21,124,119,117,118,113,118,119,114,115,115,115,114,114,114,114,114,116,115,144,241,212,126,94,87,83,83,92,103,124,94,41,16,6,10,28,138,173,144,124,118,135,128,133,115,100,71,32,15,8,23,44,75,126,138,201,221,222,225,220,228,223,226,231,223,210,196,164,130,80,37,11,11,29,76,112,124,131,130,136,157,135,127,119,118,120,119,118,118,119,118,115,120,122,121,125,124,129,110,122,177,175,113,96,54
121,120,119,117,115,114,113,113,107,114,110,114,110,113,113,111,113,120,124,81,43,38,18,86,121,117,114,113,114,114,116,117,117,117,115,118,114,115,115,122,125,138,184,170,136,111,100,92,85,81,58,37,10,4,30,32,86,67,34,18,159,135,142,135,126,105,59,21,12,41,81,127,166,186,211,209,205,206,205,200,199,194,192,195,196,195,199,205,205,208,217,219,219,228,222,196,139,75,11,45,93,111,119,122,133,138,129,116,121,114,122,117,118,113,116,115,116,122,121,120,123,131,121,134,97,88,91,105
121,121,119,118,116,115,114,114,114,109,110,112,114,107,114,112,115,112,77,52,30,24,22,135,116,114,112,112,113,114,115,116,116,118,116,114,116,120,119,80,62,43,21,26,49,61,43,29,13,5,4,12,31,50,23,73,34,9,17,20,53,102,86,58,39,32,104,173,195,205,212,220,213,201,184,187,171,174,177,160,156,153,153,158,162,162,161,162,170,165,178,199,209,214,213,206,213,212,192,159,83,45,62,92,104,117,120,134,116,118,118,120,119,117,119,118,117,116,113,119,122,127,128,103,86,101,96,111
121,121,120,119,117,116,115,114,107,114,110,108,113,113,106,113,103,164,129,29,24,17,115,119,114,112,112,113,114,115,115,116,116,113,114,117,114,112,118,95,28,11,11,17,13,5,2,3,6,15,41,45,47,15,13,24,32,30,27,20,23,26,9,27,86,137,180,225,226,217,201,192,178,158,159,144,140,128,119,117,102,94,82,72,65,61,59,59,57,61,72,81,86,100,126,147,164,182,192,194,202,212,153,81,57,77,91,90,124,125,115,117,118,118,116,114,118,119,116,122,122,131,131,113,98,72,59,104
121,121,120,119,117,115,114,114,114,113,115,115,113,115,113,111,130,129,41,29,9,107,125,112,114,113,113,113,114,114,115,115,113,114,115,114,109,114,109,113,73,10,11,3,4,8,31,15,9,33,31,48,30,28,24,22,23,27,30,35,32,53,71,54,44,39,29,17,32,58,89,108,111,129,128,114,91,71,53,40,39,47,57,67,74,80,84,87,95,95,92,88,88,87,80,73,72,73,85,113,142,167,177,199,163,82,57,74,81,105,126,119,118,119,119,116,117,120,119,119,126,127,138,117,116,97,99,103
120,119,118,117,116,114,113,112,111,107,111,113,109,118,121,149,93,51,38,6,80,125,120,116,114,113,112,112,112,113,114,114,115,115,117,115,111,115,108,117,114,91,20,154,223,204,208,191,162,18,21,17,28,20,27,28,32,37,42,39,72,68,60,50,45,44,31,29,17,24,13,12,8,3,1,5,12,42,78,93,115,117,116,113,110,109,110,111,106,108,108,109,111,109,110,115,114,120,116,107,92,87,105,138,166,203,190,74,61,70,103,123,116,117,121,122,119,119,122,120,126,130,135,121,97,95,101,139
118,117,116,115,113,112,111,110,113,115,110,114,115,112,93,95,23,28,9,22,136,115,115,112,113,113,112,111,112,114,115,116,116,114,116,116,116,110,112,107,101,145,240,236,222,205,196,197,178,194,58,5,21,23,25,25,27,33,41,47,49,52,38,30,27,25,19,19,18,10,14,2,0,12,62,97,125,124,117,118,111,110,108,107,108,109,108,106,110,108,105,106,107,105,105,110,112,115,117,124,124,126,124,108,103,105,158,201,141,58,61,115,124,118,116,121,121,121,124,123,125,129,131,137,87,84,102,127
116,115,114,113,112,111,110,110,109,114,115,114,122,175,88,48,19,20,45,126,117,119,117,113,112,113,112,111,111,113,115,115,112,117,116,110,116,113,110,101,178,245,236,233,225,212,193,188,193,186,206,127,65,7,16,23,29,31,30,20,37,23,23,21,13,10,8,7,3,1,0,49,108,131,121,120,115,115,112,110,113,110,107,108,110,110,109,108,103,105,107,107,108,108,108,106,113,111,114,119,121,124,128,122,121,124,108,119,159,164,66,58,120,125,118,117,122,120,119,120,123,132,136,136,123,73,80,92
114,114,113,112,111,111,111,111,113,109,105,138,230,98,26,17,16,13,130,118,116,110,114,114,111,111,111,110,110,112,112,112,112,116,115,112,112,108,107,152,242,238,235,227,225,211,179,190,171,187,184,199,201,181,37,15,37,33,31,10,12,13,6,6,8,1,3,1,5,65,118,128,122,117,119,113,113,113,113,112,114,112,111,111,109,107,107,108,110,106,106,108,107,107,110,112,107,117,120,114,121,127,124,125,122,118,118,120,110,120,158,79,85,119,123,117,122,120,119,124,125,128,132,139,134,103,74,87
112,110,114,110,111,111,105,108,97,157,174,94,79,39,25,3,12,97,120,111,115,111,111,108,111,110,109,108,108,109,110,111,114,110,112,109,111,110,105,235,236,235,230,223,212,209,188,175,155,171,170,186,178,178,180,49,3,16,12,17,11,3,9,8,1,28,66,109,133,135,121,121,118,117,116,114,113,113,113,113,113,112,112,111,110,110,109,109,106,107,108,109,110,111,112,112,114,114,114,116,119,121,122,122,118,118,115,118,121,117,122,138,125,122,118,118,119,119,121,122,125,125,132,131,130,144,129,114
113,108,108,108,105,107,115,144,219,191,99,47,12,7,13,99,135,121,110,112,108,106,114,110,109,108,108,107,106,107,107,108,107,110,107,110,108,96,188,227,227,220,218,216,197,208,181,175,163,151,154,157,170,167,171,196,165,60,44,3,1,9,6,4,23,153,135,130,131,125,124,119,118,117,116,115,114,114,113,113,114,113,113,112,112,111,111,110,109,109,109,110,110,111,111,111,114,114,115,116,117,118,119,119,119,117,114,116,121,119,119,125,120,119,119,120,120,119,120,121,124,125,124,130,135,134,109,75
128,112,131,165,163,161,215,93,119,9,11,2,29,86,133,123,113,109,114,114,106,107,110,108,107,107,106,105,104,104,105,106,108,108,107,102,102,96,225,212,213,212,204,200,194,181,179,178,154,155,138,151,150,157,167,163,151,151,175,142,8,3,3,1,121,133,126,129,121,123,123,119,118,117,117,116,115,114,114,114,115,114,114,113,113,112,112,112,111,111,110,110,110,110,111,112,113,114,115,116,115,114,115,115,112,115,117,117,118,119,119,119,117,118,120,120,119,117,118,120,122,124,124,128,127,129,112,48
115,7,56,137,96,63,31,44,17,2,30,105,132,122,113,113,116,119,112,108,113,112,107,108,106,106,106,105,103,103,103,104,106,100,104,102,103,122,226,216,209,205,194,190,175,181,176,168,182,161,172,145,142,140,142,151,146,145,138,148,164,100,19,17,139,126,125,120,125,123,118,118,118,117,117,116,116,115,115,114,115,115,114,114,113,113,113,113,112,111,110,110,110,111,112,113,113,114,114,114,113,112,111,111,109,113,117,118,117,119,121,120,118,118,119,118,116,115,117,119,121,123,125,125,122,128,128,74
67,71,27,9,15,10,9,27,74,126,127,114,114,115,117,114,113,115,111,114,112,106,109,108,105,106,105,104,102,101,101,101,100,98,95,99,92,121,220,203,210,219,183,155,127,100,90,95,101,97,105,100,98,115,114,129,149,160,165,158,143,158,149,175,143,124,125,123,117,123,119,119,117,117,116,116,115,115,114,114,114,114,114,114,113,113,113,113,113,112,111,110,110,111,112,113,113,112,112,112,112,111,110,109,113,111,113,115,116,119,119,117,118,118,117,115,114,115,117,118,121,123,122,121,128,126,127,118
9,16,4,15,70,99,98,120,120,109,114,115,117,117,110,115,116,116,110,113,110,107,110,102,104,104,103,102,101,99,98,97,95,101,97,91,95,124,220,204,175,69,46,49,45,54,63,56,69,62,70,75,62,58,64,68,73,72,90,120,107,141,161,160,164,119,121,126,121,119,119,116,116,116,115,115,114,114,114,114,114,114,114,114,114,113,113,113,115,114,113,112,111,111,111,112,112,111,110,110,110,111,110,110,111,111,110,112,113,113,115,117,115,115,115,114,115,117,118,118,120,120,122,121,125,124,125,128
116,123,106,119,118,104,111,111,108,115,108,113,109,114,116,113,112,111,110,111,110,102,100,106,101,100,99,99,99,99,97,96,96,94,95,91,99,83,78,30,50,60,58,58,49,54,57,63,54,68,54,64,61,62,52,54,64,44,48,53,65,49,79,139,179,120,128,123,125,125,113,123,117,117,116,115,115,115,115,115,114,114,114,114,114,114,114,114,115,115,114,114,113,112,112,112,112,111,110,109,109,110,111,112,108,111,111,110,111,111,112,117,113,114,114,114,115,118,119,119,120,119,123,124,118,124,127,122
112,109,109,110,106,111,107,109,111,109,113,108,116,109,111,112,112,107,111,106,105,109,101,99,97,97,96,98,99,100,99,97,96,96,95,84,52,37,51,57,61,47,40,63,72,55,65,62,64,67,61,54,60,56,51,57,50,50,54,53,50,51,49,41,70,137,125,127,121,118,124,117,118,118,117,116,116,116,116,117,115,115,115,115,115,115,115,115,114,114,115,115,114,114,114,113,112,111,110,109,108,109,111,113,111,114,109,107,114,115,110,111,113,114,114,113,114,117,120,120,120,123,119,126,123,122,124,127
107,108,108,108,109,109,108,108,110,110,109,109,109,109,110,110,108,109,107,103,101,105,102,100,99,101,95,82,75,58,63,73,100,94,64,42,49,49,65,65,45,65,63,62,61,55,63,62,60,65,63,67,61,55,57,54,50,53,54,64,53,51,39,55,45,52,135,123,128,120,121,120,120,119,118,118,118,118,117,116,116,115,115,115,115,116,116,116,116,116,115,115,116,117,115,112,110,111,111,108,108,110,110,108,110,109,107,106,107,109,110,112,110,111,111,111,112,115,118,119,123,121,121,123,123,123,123,124
108,108,108,109,109,109,109,108,109,109,108,108,108,109,109,109,110,107,107,108,105,103,100,103,93,73,56,55,45,47,59,86,55,51,53,59,63,65,51,60,59,64,87,59,61,64,57,59,64,63,59,61,56,63,53,53,58,60,51,54,59,53,50,51,44,45,75,138,125,123,124,119,120,119,119,119,119,119,118,117,117,116,116,116,116,117,117,117,118,117,116,116,118,118,116,113,111,111,110,107,108,111,112,111,111,111,110,108,106,106,107,109,109,109,110,112,114,115,117,119,119,119,120,122,122,120,119,118
108,108,108,109,109,109,109,108,108,108,108,108,108,108,109,109,109,102,106,103,103,107,97,88,104,103,82,78,84,93,61,51,52,66,69,71,46,45,61,64,69,78,72,69,66,56,52,52,63,55,50,58,55,52,60,66,58,52,56,54,46,64,43,46,50,42,44,133,129,125,121,121,121,120,119,119,120,120,119,118,119,118,117,117,118,118,118,118,118,118,117,117,118,118,116,113,112,112,111,110,112,114,115,114,110,111,112,111,109,108,110,112,113,108,103,102,104,109,117,123,125,122,119,118,117,118,119,120
108,108,109,109,109,109,109,109,108,108,108,109,109,109,109,109,109,112,105,114,109,94,71,79,77,64,70,78,63,51,46,60,68,62,53,55,60,84,52,36,61,64,47,47,44,58,50,54,55,53,45,45,46,53,56,49,52,58,61,57,60,55,56,41,50,50,46,110,132,124,121,123,121,121,120,120,121,121,121,120,119,119,118,118,118,118,118,118,117,118,118,117,116,115,113,111,111,112,113,113,115,116,114,112,109,111,112,112,110,110,112,115,114,109,106,105,105,104,106,108,116,116,116,118,119,119,119,118
108,109,109,109,109,109,109,109,109,109,110,110,110,110,109,109,105,105,107,108,80,68,71,49,73,93,73,57,48,36,57,47,46,42,36,43,27,17,107,114,65,42,28,29,39,47,31,38,21,34,40,44,40,46,39,42,51,54,49,40,54,48,57,51,46,53,42,98,129,122,126,123,121,121,120,120,121,122,121,121,119,119,118,117,118,118,118,118,116,118,118,115,113,111,110,109,109,110,112,113,114,113,111,109,111,111,111,110,109,109,110,112,109,108,108,110,110,108,106,106,105,106,107,110,113,116,117,117
109,109,109,109,109,109,109,109,109,110,110,111,111,110,109,109,108,112,113,90,78,81,54,96,94,56,47,89,40,71,77,100,119,145,254,254,252,246,250,253,245,252,244,198,164,118,71,144,180,130,36,6,42,35,42,41,42,42,40,47,44,51,61,56,56,44,44,99,128,124,123,121,120,120,119,120,121,122,121,121,119,118,118,117,117,117,117,117,116,118,117,114,111,109,108,108,109,110,111,111,111,111,111,110,112,112,111,110,110,110,110,111,111,108,105,104,106,110,114,117,111,108,105,103,105,109,112,113
109,109,109,110,110,109,109,109,109,110,110,111,110,109,108,107,107,107,119,87,76,56,101,86,67,93,154,154,198,253,197,210,217,208,196,248,254,253,254,247,237,223,211,218,226,231,216,203,182,198,202,170,104,36,56,30,38,31,46,41,43,53,45,49,55,43,48,106,129,126,117,121,119,119,119,119,121,121,121,120,120,119,118,117,117,117,117,117,117,117,115,112,110,109,108,108,109,110,111,110,110,110,112,113,112,112,112,112,113,113,113,113,113,113,110,106,105,108,110,110,112,112,111,110,110,109,106,102
109,109,109,110,110,109,109,109,109,109,110,110,110,108,107,106,104,114,87,83,77,68,64,49,46,42,40,45,42,37,37,26,37,47,27,31,40,39,59,131,190,199,232,223,219,206,213,193,192,183,176,182,184,195,181,179,62,80,23,27,41,49,43,60,32,57,38,116,126,123,118,124,119,118,118,119,120,121,121,120,120,120,118,118,118,118,117,117,117,116,113,111,110,110,109,107,107,108,109,110,109,109,111,114,112,113,114,114,114,113,113,112,111,113,111,107,106,109,110,109,110,110,110,109,110,111,108,105
110,110,110,110,110,110,109,109,109,108,110,109,109,104,107,104,108,95,65,88,76,59,54,48,51,56,65,60,51,44,52,67,54,42,43,36,38,39,32,27,15,12,40,63,37,6,69,181,208,195,198,184,181,175,165,173,165,151,132,155,53,24,36,37,47,55,36,136,125,123,122,118,120,119,118,118,119,120,120,121,120,120,118,118,118,118,116,115,117,113,110,111,111,109,107,108,109,110,109,109,111,113,113,111,113,115,116,116,118,113,116,115,114,114,109,110,111,111,108,112,109,109,102,111,108,109,112,108
111,111,110,110,109,108,107,107,109,109,109,107,103,106,99,107,88,78,86,82,62,55,47,50,60,57,53,49,46,66,68,53,44,42,45,40,38,36,38,37,32,35,32,29,28,30,24,6,26,65,113,135,177,187,152,153,161,151,127,105,118,131,138,59,35,40,68,130,120,121,118,120,120,119,118,118,119,119,120,120,121,120,119,118,118,118,117,115,115,112,108,108,107,106,107,109,109,109,110,111,113,115,116,114,116,116,113,116,117,118,111,118,114,111,112,114,104,117,115,108,111,105,115,112,105,113,111,142
110,110,110,109,108,107,107,106,107,108,107,106,104,104,107,101,114,77,82,50,46,46,50,59,54,51,45,48,73,69,57,49,42,50,40,37,42,39,35,41,34,38,29,29,34,23,29,30,28,25,18,18,10,11,17,6,108,125,84,80,94,112,135,100,14,28,43,133,120,123,119,119,119,118,117,117,118,119,119,119,120,119,118,118,118,117,116,114,109,108,108,109,108,106,107,109,109,108,109,111,113,113,112,111,115,112,114,118,116,124,119,113,115,117,112,111,107,109,113,107,110,106,102,102,145,122,155,161
109,109,109,109,108,108,107,107,108,105,103,106,104,100,100,104,152,72,55,53,44,57,51,43,40,43,52,65,49,41,46,39,42,40,41,38,46,40,38,34,36,37,31,27,34,38,33,35,36,31,29,30,31,35,27,35,50,73,117,105,85,130,74,35,36,47,81,127,120,120,117,118,118,117,117,116,117,118,118,118,118,118,117,117,117,116,114,112,110,108,107,106,106,105,108,111,111,110,110,114,116,115,114,114,112,111,120,117,118,118,118,117,127,104,109,105,108,98,101,126,121,145,173,141,89,85,63,44
110,110,110,109,109,108,107,107,111,105,100,102,99,104,101,128,77,47,53,54,42,34,23,55,52,57,45,43,40,42,34,40,41,35,37,38,34,33,32,39,29,27,39,43,33,36,35,32,32,33,36,35,27,12,20,88,143,121,111,127,119,49,39,41,23,34,105,123,116,116,119,121,117,117,116,115,116,117,117,117,117,116,116,116,116,115,113,111,105,106,108,109,108,107,107,108,109,109,111,114,115,115,113,113,113,113,110,112,114,116,121,120,67,71,125,138,157,209,186,184,162,180,175,103,44,27,31,35
111,111,110,109,108,107,106,106,102,103,106,103,102,95,102,84,76,45,39,20,74,151,202,82,49,44,42,30,21,24,15,25,26,20,27,23,19,19,28,24,37,28,32,30,39,39,37,40,39,35,27,24,29,35,29,24,63,108,139,131,141,45,47,30,33,35,132,118,123,116,118,117,117,116,115,115,115,116,116,116,116,116,116,116,115,114,111,109,108,108,107,106,105,106,107,109,110,111,112,110,109,108,107,107,111,111,135,146,160,163,108,170,222,217,231,46,128,159,208,108,73,27,35,19,25,36,22,40
111,110,110,109,107,106,105,105,103,101,103,95,102,98,111,91,24,97,157,231,242,195,103,131,97,44,3,123,177,108,189,61,20,135,93,86,124,154,89,91,3,92,42,69,34,33,38,31,25,25,36,28,33,41,33,34,42,44,74,84,40,42,13,24,38,105,128,122,108,114,123,115,116,115,114,114,114,115,115,116,115,114,115,115,115,113,110,108,107,109,110,108,104,101,101,101,118,132,150,163,172,177,177,173,214,188,199,160,149,148,20,57,95,141,124,54,39,49,45,11,20,20,12,19,30,42,89,127
109,109,108,108,107,106,105,105,103,100,103,97,98,99,62,108,249,251,247,247,253,254,251,254,253,252,230,249,227,242,228,216,216,211,189,205,196,183,193,177,166,177,176,153,146,33,25,29,33,29,34,47,44,33,46,44,40,43,42,32,14,2,20,22,33,132,119,114,118,117,112,117,116,115,114,114,114,115,115,115,113,113,114,114,114,112,109,106,106,104,101,105,121,151,186,209,186,178,158,134,121,124,132,137,100,35,41,92,35,36,69,54,27,26,35,25,25,18,11,15,50,59,104,128,124,123,117,112
108,107,106,105,105,104,102,101,103,99,98,102,95,82,189,239,235,249,250,254,253,252,249,251,234,233,230,220,230,211,206,201,183,178,180,165,160,161,125,122,106,87,56,33,14,26,21,38,39,43,32,26,22,19,17,25,33,33,29,12,3,12,31,20,117,117,119,116,110,113,115,111,112,114,116,115,111,115,116,112,114,115,110,113,113,107,106,97,110,156,185,208,185,135,128,95,110,77,98,76,49,36,38,31,27,23,23,13,2,11,24,20,17,10,23,55,61,90,128,137,134,130,125,121,118,116,115,113
108,107,106,106,105,104,102,102,94,104,99,96,85,191,249,252,249,253,253,252,253,247,249,241,222,227,223,223,222,213,196,187,175,150,139,98,59,38,15,14,13,17,15,28,36,37,47,26,31,39,74,106,142,181,210,155,10,4,10,7,5,14,24,86,129,117,112,115,114,112,112,111,114,109,115,116,117,120,128,114,109,110,106,106,98,122,164,195,200,187,132,97,86,69,59,37,29,23,24,19,25,23,18,19,12,9,17,33,48,61,54,32,51,121,140,127,133,133,123,126,126,124,122,121,120,119,118,117
107,107,107,106,105,103,103,102,105,102,94,94,142,254,243,247,253,255,255,253,254,245,239,221,223,228,215,217,193,181,170,127,134,106,15,24,20,11,13,26,25,33,39,33,22,34,50,66,79,159,201,206,216,208,212,209,98,40,4,6,8,1,39,123,114,113,115,115,111,109,112,114,114,116,107,118,100,75,59,117,108,124,152,184,220,174,153,115,82,80,57,36,29,29,25,21,43,49,66,86,79,91,109,99,126,130,135,134,130,133,137,136,138,124,117,121,125,125,129,125,123,123,123,122,122,120,117,115
107,107,107,106,105,104,103,102,99,102,100,86,247,245,243,244,248,253,248,245,234,228,220,215,217,204,199,166,140,131,154,190,198,189,114,21,57,107,171,56,27,51,50,59,91,115,106,108,131,157,177,188,199,208,205,209,153,91,7,6,4,47,124,114,110,113,114,112,111,112,112,108,112,113,114,117,83,20,46,90,149,181,182,161,95,73,51,40,26,33,20,24,52,77,93,125,129,135,128,133,123,127,133,126,122,123,123,122,123,122,122,122,122,122,122,120,127,123,124,122,125,125,125,124,121,118,114,111
108,107,107,106,106,105,103,102,102,99,98,125,254,218,229,236,228,226,217,196,180,197,198,188,176,142,153,172,206,210,193,172,126,87,71,80,86,91,87,100,136,143,123,92,96,80,80,107,135,150,173,177,184,195,202,204,177,94,2,8,35,115,111,104,113,110,109,112,114,112,111,113,111,114,116,118,99,34,51,113,139,131,69,43,34,34,39,32,30,48,77,111,118,117,116,117,116,124,116,119,128,127,118,119,123,123,121,120,121,120,121,125,126,117,120,119,120,121,126,122,123,123,123,121,119,116,113,111
108,107,106,107,107,106,104,102,104,96,91,229,223,216,217,219,202,179,164,148,167,178,160,152,174,204,203,189,166,111,69,34,30,48,53,58,54,61,88,110,124,124,117,105,88,65,62,88,110,143,157,171,177,190,199,204,200,125,6,70,106,109,105,111,106,109,110,111,112,110,110,112,112,111,114,126,126,125,151,102,53,40,38,43,38,40,64,97,117,119,107,108,111,109,112,118,123,119,123,123,118,119,122,123,119,120,120,121,124,123,120,119,117,113,115,113,117,120,120,117,120,120,119,118,116,114,113,113
108,107,107,107,107,106,104,103,98,99,94,245,235,223,222,170,151,151,199,203,197,205,193,179,181,137,91,52,37,47,58,74,107,138,157,125,64,103,101,103,100,114,97,91,50,43,63,75,92,132,143,163,169,179,177,192,204,151,85,102,99,102,101,102,108,110,109,108,110,110,110,114,129,145,146,158,114,76,41,39,33,34,32,56,98,112,113,110,106,106,107,106,106,107,114,114,119,123,124,127,129,128,124,124,124,125,126,123,120,119,120,122,121,114,111,112,113,115,112,120,118,118,118,116,115,114,115,116
107,107,108,108,107,105,104,103,103,99,96,101,103,95,134,159,165,136,121,119,119,71,19,76,46,43,56,62,77,95,122,151,176,183,184,168,63,88,95,120,111,84,76,69,50,46,47,66,95,106,136,145,158,173,178,178,198,202,95,89,96,98,101,107,104,106,108,112,108,103,120,149,137,130,95,57,43,32,27,31,49,88,126,119,114,108,105,107,108,106,105,98,108,109,110,119,118,125,122,129,129,131,133,131,127,125,124,123,122,123,122,118,117,117,114,110,109,121,116,117,117,118,118,117,116,116,118,120
105,111,106,104,106,107,103,106,103,103,105,94,113,127,81,133,155,84,80,61,60,54,56,60,67,71,88,94,123,154,176,187,194,201,192,192,70,92,90,89,83,68,45,22,20,47,40,50,75,98,111,130,149,166,177,175,190,208,124,88,95,97,99,103,103,104,107,112,151,158,108,77,63,41,32,26,17,40,82,125,122,120,116,113,110,107,107,108,104,105,105,105,107,110,114,117,120,123,127,129,130,130,129,127,126,124,121,120,121,122,123,122,120,120,115,108,108,115,119,118,119,118,118,117,116,119,121,119
107,103,102,120,131,121,125,95,92,104,58,75,61,96,123,208,175,137,148,109,96,61,87,89,98,116,140,152,171,188,198,205,215,216,204,184,49,60,67,71,35,15,3,6,24,57,49,45,77,76,106,117,131,141,152,165,170,190,141,89,94,103,107,98,107,127,120,134,133,82,36,39,17,25,12,23,99,131,124,116,117,116,114,111,108,107,107,107,104,104,104,105,107,111,116,119,123,126,128,130,130,130,130,129,125,125,124,123,123,121,119,117,118,117,112,105,104,110,116,118,116,116,117,116,114,117,119,117
153,142,163,98,103,76,79,33,31,31,11,79,75,152,207,213,210,210,174,142,138,121,135,143,163,180,185,192,200,207,209,212,211,223,211,179,9,9,4,4,10,3,6,1,14,58,57,51,55,72,93,105,126,122,127,138,139,174,182,100,92,88,98,111,108,109,74,40,35,23,23,4,13,54,91,126,123,119,118,121,113,113,112,109,108,108,108,106,106,105,104,105,108,113,118,122,122,124,126,127,128,129,129,129,128,126,122,119,117,117,118,119,118,116,112,106,104,106,112,117,113,114,115,113,112,114,117,115
85,93,45,31,32,23,13,63,64,48,29,75,110,113,124,168,216,209,172,179,166,166,184,188,195,210,201,207,211,214,213,214,213,216,205,164,1,38,80,97,103,112,102,102,87,80,87,80,70,84,82,89,104,123,106,122,136,136,131,72,106,94,123,66,72,34,10,16,13,42,80,113,130,125,122,120,117,113,120,115,112,113,111,108,108,111,110,107,107,106,106,107,110,114,119,121,121,123,125,126,126,127,127,127,122,122,121,120,119,118,117,116,118,117,116,113,109,106,108,113,112,112,112,111,111,114,117,116
23,4,16,36,61,80,97,85,70,80,79,80,30,36,54,120,220,218,187,210,170,196,202,204,201,216,205,213,214,218,218,222,213,222,208,166,82,94,93,95,96,97,103,105,105,110,113,134,116,108,101,96,98,115,99,104,127,126,90,62,63,61,31,29,13,9,38,68,112,123,117,120,117,120,120,112,119,121,117,117,114,114,111,107,108,111,111,108,108,108,108,110,112,115,117,117,122,124,126,126,126,126,125,124,121,120,119,119,119,118,115,114,115,116,117,117,112,106,104,107,112,112,112,111,111,116,119,117
154,58,113,122,126,109,69,71,63,67,43,32,17,77,101,140,252,233,217,201,192,203,215,210,210,219,205,213,216,221,222,224,222,216,203,160,82,87,91,93,97,103,105,101,101,105,112,130,130,137,117,106,91,97,99,96,98,135,37,24,41,14,10,36,75,107,117,119,117,118,110,120,121,117,119,124,116,121,114,122,115,113,109,107,108,111,110,108,108,108,109,111,114,115,114,113,116,118,120,121,121,122,121,120,124,121,117,115,115,115,114,113,111,111,113,114,110,103,101,102,110,111,112,111,111,115,118,117
57,107,119,113,88,91,99,91,77,30,12,26,102,102,88,177,250,215,218,212,203,209,223,219,210,215,208,217,221,226,224,222,218,217,198,153,84,94,92,99,98,96,106,109,110,110,113,129,95,46,70,11,47,72,47,48,49,90,24,18,28,61,111,112,109,111,110,108,113,111,120,118,118,121,123,114,123,118,117,117,114,111,107,107,109,111,110,108,109,109,110,113,115,116,114,112,110,112,113,114,114,116,116,116,116,116,117,117,116,114,110,108,109,109,110,111,108,103,99,98,102,105,109,110,109,112,115,115
98,123,113,91,74,60,54,34,7,14,86,111,103,98,81,239,218,217,221,200,211,224,222,214,214,218,217,221,219,222,225,227,216,219,200,138,86,93,95,98,102,114,110,120,114,88,70,26,17,17,22,42,26,37,39,35,29,5,43,17,28,108,106,105,109,106,108,111,108,111,116,117,118,118,117,125,117,115,121,116,113,110,107,108,111,112,111,109,110,110,111,114,117,117,115,113,111,112,112,111,111,112,112,112,114,113,113,112,112,112,112,112,110,110,111,111,108,104,99,96,93,99,106,108,106,109,113,113
120,106,75,81,66,65,44,28,79,119,108,98,100,91,139,231,214,212,220,211,214,225,221,219,214,214,230,235,228,228,222,226,218,217,202,140,89,99,108,111,103,86,55,36,14,13,20,29,25,35,30,37,30,20,22,19,36,102,13,41,34,108,107,102,106,106,108,109,108,108,113,119,117,118,119,118,118,118,117,116,110,107,106,108,110,110,109,109,108,110,112,115,115,115,114,114,112,111,112,113,113,111,111,111,111,112,112,112,112,112,112,112,111,110,108,106,105,104,100,96,93,94,100,106,109,108,108,110
96,97,90,89,133,77,106,94,90,115,97,125,103,86,222,213,215,214,218,205,217,222,225,222,210,214,228,229,236,241,244,232,219,222,203,123,47,53,34,12,12,14,17,30,23,30,34,32,36,36,25,17,38,94,66,32,43,108,106,112,113,103,105,103,104,104,105,108,111,112,114,116,116,117,117,117,117,118,116,114,110,108,107,108,110,110,110,109,110,111,113,114,114,114,114,113,112,112,112,112,111,109,109,110,110,111,111,112,111,111,111,111,111,109,106,103,103,104,102,99,97,89,89,99,107,107,107,110
109,86,104,92,43,43,54,62,63,103,141,91,121,173,226,218,211,219,210,210,222,231,222,216,217,197,235,237,215,170,167,202,230,233,229,79,5,17,23,26,28,26,27,51,28,28,25,31,22,46,92,134,146,132,165,97,78,111,107,104,107,107,100,104,107,106,105,104,105,109,113,114,115,115,116,116,117,118,116,114,109,108,107,108,109,109,109,109,111,111,113,113,113,113,112,112,112,112,111,111,109,108,108,109,109,109,110,111,111,110,110,110,110,107,104,101,102,103,104,103,96,95,91,88,95,107,111,108
46,52,59,18,45,58,34,33,43,42,44,75,53,205,225,217,213,206,217,231,233,237,231,236,147,115,103,40,23,28,30,27,52,55,149,99,15,36,28,32,29,30,35,23,18,20,47,54,78,87,81,90,75,57,74,98,77,96,101,112,128,141,121,110,93,100,105,106,107,111,113,113,114,114,114,116,118,118,116,113,108,107,106,107,107,108,108,108,109,110,111,112,112,111,111,111,110,110,110,110,109,108,108,108,108,108,110,110,111,110,109,109,108,106,104,101,102,103,104,103,101,98,94,90,89,93,103,113
51,34,14,13,22,25,20,25,28,27,33,36,59,253,231,230,219,192,220,176,159,127,82,27,52,29,27,32,37,29,38,31,40,45,28,49,17,18,23,16,17,18,26,68,105,126,123,118,115,116,109,90,96,100,91,58,81,78,75,75,87,89,87,87,95,101,106,106,106,110,112,111,114,114,115,116,117,117,115,111,107,107,106,105,106,106,107,107,107,108,110,111,112,111,111,111,109,110,111,110,109,107,107,106,106,107,108,109,109,109,108,108,106,106,105,104,103,103,102,101,102,100,99,95,87,84,93,106
22,26,41,60,43,50,36,14,15,6,15,12,142,254,181,82,41,53,18,24,20,18,22,37,66,37,32,39,40,35,40,38,45,39,38,31,23,37,56,93,114,128,125,113,112,112,115,114,112,108,110,111,106,110,114,115,114,112,105,108,110,108,109,111,110,109,105,102,103,107,109,108,114,115,115,116,116,116,113,109,108,107,105,104,105,106,106,105,106,108,110,111,111,111,111,110,111,113,114,113,110,108,107,106,105,105,106,107,108,108,107,106,105,106,107,106,105,104,102,100,100,104,105,99,92,89,91,92
107,123,124,118,123,116,124,125,124,112,92,69,199,30,23,25,58,35,47,42,34,36,36,39,70,31,37,37,38,43,37,41,41,39,38,113,123,111,121,111,109,112,105,115,113,115,108,109,109,112,105,110,107,109,106,105,102,106,109,103,107,101,107,106,107,106,106,105,107,110,110,109,112,114,116,116,117,116,113,111,110,109,106,105,106,107,106,104,107,108,109,110,110,110,109,109,112,114,115,113,110,108,107,106,104,104,105,106,107,107,106,106,105,107,107,106,105,104,103,101,106,102,102,107,105,97,91,92
111,106,110,109,112,113,110,112,114,110,114,116,72,46,40,28,66,41,43,39,41,35,36,36,66,35,41,43,43,43,47,47,50,42,35,105,112,110,106,111,112,109,112,108,111,106,115,110,109,107,106,104,106,104,104,108,109,108,104,107,105,107,105,110,109,109,108,105,104,105,109,112,110,113,116,117,118,117,116,114,112,110,107,105,106,108,107,105,108,109,109,109,108,108,108,108,109,111,112,110,107,106,106,106,105,104,105,105,106,107,107,106,106,107,107,106,105,105,104,103,103,106,106,105,106,107,100,90
104,106,109,103,109,115,107,110,110,109,112,106,49,42,36,34,68,42,49,47,40,39,38,35,69,36,39,43,44,43,45,54,49,28,33,108,107,108,109,106,107,107,108,108,109,108,108,108,108,107,106,106,105,105,105,105,107,106,105,105,106,107,107,106,107,107,107,107,106,106,108,109,110,112,115,117,118,118,116,114,113,110,109,109,110,109,107,107,108,108,107,107,107,107,107,108,108,108,108,107,107,107,106,106,106,107,107,106,106,107,108,107,108,108,107,106,106,106,106,107,106,105,105,107,109,109,108,106
108,104,105,110,103,107,102,106,105,103,117,77,45,44,34,54,51,48,52,47,39,31,39,32,62,41,35,35,45,48,43,41,52,56,26,109,105,105,101,107,107,107,108,108,108,108,108,107,106,106,105,105,104,104,104,104,105,105,106,106,106,106,106,106,107,107,107,106,105,106,107,109,111,114,116,118,119,119,117,114,113,111,111,111,111,110,109,108,108,108,108,108,108,108,108,108,109,108,108,107,107,107,107,107,106,107,106,106,106,107,107,107,107,107,107,107,108,107,107,107,109,108,108,109,110,111,112,112
98,105,99,95,98,109,121,132,119,95,71,59,45,43,36,65,41,56,46,40,41,36,33,47,44,34,37,33,25,21,24,16,92,236,142,103,101,105,105,103,105,105,105,106,106,105,105,105,105,105,104,104,103,103,104,104,104,105,106,106,106,105,106,106,107,107,106,105,105,106,108,110,112,114,117,118,119,118,116,115,113,112,112,112,112,110,109,109,108,109,109,109,109,109,109,109,109,108,108,108,107,107,107,107,106,106,106,106,106,106,106,106,106,106,107,108,108,108,108,108,109,109,109,109,110,111,112,113
97,92,114,143,161,149,141,110,79,39,53,55,46,42,37,59,44,43,38,39,28,35,28,52,34,23,14,46,122,174,187,174,175,220,141,97,102,101,103,104,104,104,104,104,104,103,103,103,104,104,104,104,104,104,104,105,105,106,107,107,107,106,106,106,107,107,106,105,105,107,109,112,112,114,116,117,117,116,115,115,113,112,111,110,108,106,106,107,109,110,110,110,110,109,109,108,108,108,108,107,107,107,106,106,106,106,106,106,106,106,105,105,105,105,106,106,107,107,107,107,106,107,108,109,110,110,111,111
151,190,194,136,70,23,42,58,76,90,74,55,54,41,33,60,34,34,37,31,28,10,10,50,62,131,207,241,240,235,240,224,211,215,119,98,100,102,106,99,104,104,104,104,103,103,103,103,105,105,105,105,106,106,107,107,107,107,107,107,108,107,107,106,106,106,105,105,105,107,110,113,111,113,116,117,116,114,114,114,113,111,109,106,103,101,102,103,108,108,108,108,108,108,108,108,107,107,107,106,106,106,106,106,106,106,106,106,106,106,105,105,105,105,105,105,105,105,106,106,106,106,106,107,109,111,111,111
111,90,59,49,47,69,98,102,99,105,67,58,41,33,33,53,78,88,78,103,120,189,220,232,234,231,220,216,227,227,222,208,204,220,92,99,100,104,99,108,104,103,103,103,103,103,103,103,106,106,106,107,108,108,109,109,108,107,107,107,108,108,107,107,105,105,105,105,105,107,110,112,112,113,115,116,114,111,111,112,111,109,105,102,99,98,99,101,102,102,102,102,102,103,104,105,106,106,106,106,106,106,106,106,107,106,107,107,107,106,106,106,106,106,105,105,105,105,105,106,106,105,104,104,107,109,111,112
48,81,93,101,97,98,95,93,95,87,48,27,11,14,114,185,234,239,241,238,240,223,217,215,225,218,226,230,226,218,216,202,202,199,88,96,101,97,101,98,103,103,103,103,103,103,103,103,106,106,107,108,109,109,110,110,109,108,107,106,106,107,107,108,105,105,106,106,106,107,109,111,112,113,114,114,111,108,107,109,108,105,102,99,97,96,97,98,95,95,95,96,97,100,102,104,105,105,105,106,106,107,107,107,107,107,107,108,108,107,107,107,108,108,107,107,107,106,106,106,106,105,104,103,104,106,108,109
94,97,92,89,90,90,90,89,88,96,166,201,210,221,218,225,223,226,229,229,221,227,214,221,233,231,236,232,237,242,232,205,214,97,96,99,100,100,101,106,104,104,104,104,104,104,105,105,105,106,107,108,109,110,110,110,108,108,107,106,105,106,107,109,105,106,107,107,107,108,109,111,112,112,113,113,109,105,104,106,104,102,99,98,97,96,96,97,93,92,92,94,96,100,104,106,105,105,105,106,106,107,108,108,107,107,107,109,109,108,107,108,109,109,109,109,109,108,108,107,107,107,106,105,104,103,104,105
96,89,91,93,86,85,90,86,70,213,229,213,214,213,210,227,225,225,230,226,224,224,213,232,245,241,245,241,236,225,234,211,160,89,97,102,96,99,104,102,104,105,106,106,106,108,108,107,106,106,107,107,108,109,110,110,111,110,109,108,107,106,106,106,108,109,108,107,107,110,111,111,110,112,112,110,107,104,102,100,98,94,92,91,92,92,94,98,96,95,93,94,97,101,104,106,105,105,104,105,106,107,108,109,110,109,108,108,108,108,107,107,107,110,111,108,107,109,109,106,107,106,105,104,103,103,104,106
89,94,88,82,90,85,83,84,85,236,215,210,213,217,224,225,222,228,230,225,223,216,218,233,245,243,243,236,236,222,225,226,112,90,97,98,103,102,103,103,105,106,107,107,107,109,109,108,108,108,108,108,108,109,109,109,109,109,108,107,107,107,107,107,108,109,109,108,109,110,110,109,108,109,108,106,103,100,99,98,94,92,90,89,88,89,91,94,96,95,95,96,98,101,104,105,105,105,104,104,106,107,109,109,109,108,107,107,106,107,106,106,107,108,108,108,107,106,106,105,105,104,103,101,100,100,101,102
86,88,88,86,86,87,85,73,138,226,211,227,234,222,211,222,225,230,223,227,229,221,218,242,238,243,241,237,236,225,219,187,85,97,98,98,103,103,105,106,106,107,108,108,109,110,110,109,111,110,110,109,109,108,108,107,108,108,107,107,107,107,107,108,108,108,109,110,110,110,109,107,106,106,105,102,99,97,96,95,92,92,91,88,86,87,89,90,95,96,97,98,100,102,103,104,104,104,104,105,106,108,109,110,107,106,105,105,105,106,106,107,108,106,105,106,106,105,104,105,105,104,102,100,100,100,102,103
98,93,90,88,84,87,80,73,187,217,231,230,225,214,209,231,225,220,236,240,241,231,229,229,236,232,234,238,228,212,193,83,92,100,98,103,100,103,108,106,106,108,109,110,111,111,111,110,112,112,111,110,110,109,108,108,108,108,107,106,106,106,107,107,108,108,109,110,111,110,108,106,105,105,103,100,97,95,93,92,91,94,94,90,88,89,91,91,95,97,99,101,102,102,103,104,102,103,104,106,108,109,110,110,104,104,104,104,105,106,107,107,107,105,104,105,106,107,106,106,105,105,103,100,100,101,102,102
72,42,58,65,63,64,68,77,229,228,228,218,217,210,217,220,218,242,252,250,241,232,233,242,240,230,229,216,175,73,86,93,98,97,98,105,101,106,105,106,107,109,110,111,112,113,112,111,113,113,112,111,111,110,109,109,109,108,107,106,106,106,106,106,108,108,109,110,110,109,108,106,105,104,102,99,97,95,92,90,90,93,95,93,92,94,95,96,95,98,101,103,103,103,103,103,103,104,106,108,109,109,108,107,102,103,103,104,105,105,105,104,105,105,105,105,108,111,111,107,105,105,102,100,100,101,101,100
74,68,67,25,38,40,25,65,236,231,224,224,219,212,219,225,235,250,246,247,252,239,240,246,224,206,130,88,79,95,89,95,95,98,99,100,101,108,102,109,107,109,110,111,112,114,114,113,114,113,113,112,112,111,111,110,109,108,107,105,105,105,105,106,107,107,108,108,109,108,107,107,107,106,104,100,98,96,93,90,88,91,93,94,95,97,99,100,97,98,101,103,105,105,104,104,106,106,107,108,108,107,106,104,103,103,104,105,105,104,102,101,103,105,105,105,110,115,113,108,104,104,103,102,104,106,107,105
22,43,83,80,88,93,80,193,232,221,215,223,224,234,236,227,233,221,252,251,251,227,218,194,159,96,80,85,93,90,96,92,96,101,101,99,101,105,104,109,107,109,110,111,112,114,115,114,115,114,114,113,112,112,111,111,109,108,106,105,103,103,103,103,104,104,105,106,106,105,105,107,108,107,103,100,97,96,93,91,89,90,92,95,97,98,99,101,98,99,101,103,105,106,105,105,107,107,107,107,107,107,106,105,104,104,104,105,105,104,102,101,103,103,103,106,112,115,112,107,104,105,105,105,108,112,112,110
35,41,49,64,91,128,75,186,231,219,217,240,230,226,240,215,191,185,193,199,203,214,120,86,82,86,87,91,91,93,93,100,99,98,101,105,103,103,107,103,107,108,110,110,112,114,115,115,116,115,115,114,113,111,111,110,111,109,107,104,102,101,101,101,100,101,103,105,104,102,103,105,107,105,101,97,94,93,91,89,92,91,93,96,98,97,98,100,99,100,101,103,105,106,106,105,107,107,106,106,107,107,107,107,104,104,105,105,106,106,105,104,104,101,102,107,113,113,109,106,105,106,105,105,108,111,110,107
107,72,47,34,53,76,106,175,243,217,237,236,218,221,222,205,196,199,210,199,178,115,77,87,86,88,90,91,92,93,95,97,99,100,100,101,103,104,105,105,107,108,110,112,114,114,115,115,114,114,113,113,112,112,111,111,110,109,107,105,103,102,100,99,99,101,103,103,102,101,101,102,104,101,98,95,93,91,91,92,97,96,95,95,96,98,100,101,100,100,101,103,104,106,106,106,106,107,107,107,108,108,108,108,106,105,103,102,102,102,103,103,100,102,109,115,114,109,104,103,102,103,105,108,110,110,108,106
93,100,97,82,48,42,71,72,160,241,244,235,236,219,218,240,217,217,153,94,72,86,85,87,89,90,91,93,94,96,98,100,101,101,102,102,104,105,106,106,106,107,109,111,112,113,113,112,113,113,112,111,111,110,110,109,109,108,106,105,104,102,101,100,100,101,101,101,100,100,101,102,102,99,96,93,91,90,91,94,98,97,96,96,97,98,99,100,101,101,101,103,104,106,106,106,106,106,107,107,107,108,108,108,107,105,104,102,102,103,103,103,102,105,110,115,115,110,106,105,101,103,106,109,110,109,107,106
99,98,95,98,104,86,49,36,55,85,91,106,101,113,146,141,127,76,79,83,89,88,85,96,92,93,94,95,97,99,100,101,101,101,102,102,103,104,105,106,106,107,109,110,111,111,111,111,111,111,110,110,109,109,108,108,108,107,106,105,104,103,102,101,101,100,100,99,98,99,101,102,100,98,95,92,89,90,93,96,99,99,98,98,99,99,100,100,101,101,102,103,104,105,105,105,106,106,106,107,107,107,107,107,107,106,104,103,103,103,103,103,104,106,111,114,113,109,106,105,103,106,110,111,109,107,105,105
104,97,101,97,89,98,103,92,61,37,68,77,76,88,92,94,84,87,87,93,93,91,95,90,96,97,98,100,100,100,100,101,101,102,102,102,103,104,104,105,106,107,108,109,110,110,110,110,109,109,109,109,109,109,109,109,109,108,107,105,104,103,102,101,100,100,99,98,98,99,100,102,99,98,96,93,90,91,94,98,99,99,99,100,100,101,101,101,101,101,101,102,103,104,104,104,105,105,105,106,106,106,107,107,107,106,105,104,104,103,102,102,103,106,110,112,109,105,104,104,108,110,112,111,108,105,104,104
122,111,108,103,100,102,100,101,103,95,50,33,66,65,66,89,108,105,88,92,91,94,97,97,98,99,101,103,103,101,101,102,102,102,102,102,103,103,103,103,104,105,106,107,108,108,108,108,107,107,108,109,109,110,110,111,110,109,107,106,105,103,101,100,100,99,98,98,99,99,100,101,98,98,97,94,92,92,95,98,99,99,100,101,101,101,101,101,100,101,101,102,102,102,103,103,103,103,104,104,105,105,105,105,105,105,105,105,104,103,102,101,101,105,109,110,106,102,102,104,110,110,110,109,106,104,103,103
101,86,98,104,101,104,100,101,100,101,112,93,52,48,55,68,84,89,99,114,103,97,102,99,100,100,101,104,103,102,101,102,103,102,102,101,101,101,101,101,103,103,104,105,106,107,107,108,106,107,107,108,109,110,111,112,110,109,108,107,105,103,101,100,100,99,99,99,100,101,100,100,97,98,98,95,92,93,95,97,99,100,101,102,101,101,100,100,101,101,102,102,102,102,102,102,101,102,102,103,103,104,104,104,104,104,104,104,104,103,101,100,100,105,109,110,106,102,103,105,108,107,106,105,104,104,104,104
85,63,56,84,109,117,129,141,120,109,102,109,112,99,57,34,41,56,76,86,95,120,101,105,106,103,102,104,105,104,104,104,104,103,102,102,101,100,100,99,101,102,103,104,105,106,107,107,106,107,107,108,109,110,110,111,109,109,108,107,106,104,102,101,100,100,99,100,101,102,101,101,99,100,98,95,94,95,97,98,99,100,101,102,101,101,100,100,101,102,102,102,102,102,102,102,100,100,101,101,102,102,102,102,103,103,103,103,103,102,101,100,100,104,108,109,106,104,104,105,104,104,103,103,103,103,104,104
101,88,74,80,165,206,139,110,115,106,110,111,111,108,111,107,66,41,36,54,75,70,115,116,114,109,105,107,109,108,107,107,106,106,105,104,103,102,101,101,99,99,100,102,103,105,105,106,107,107,107,108,108,109,109,109,108,108,107,107,106,105,103,102,101,100,100,100,102,102,102,101,101,101,100,96,95,97,99,100,98,99,100,101,101,101,101,101,102,102,103,103,102,102,102,102,99,99,100,100,101,101,101,102,103,103,102,102,102,102,101,101,99,103,107,108,107,105,104,103,103,103,103,103,103,103,103,103
103,107,108,90,106,137,107,58,73,88,111,96,80,86,104,111,115,116,87,46,35,51,66,68,73,121,121,114,107,107,111,105,105,108,103,102,102,99,99,97,97,96,101,99,101,103,110,106,106,106,108,108,105,105,106,105,108,107,106,106,106,105,104,103,102,101,103,104,103,102,103,101,101,100,99,98,97,96,96,96,96,98,100,100,101,103,104,103,103,104,104,104,104,104,105,106,102,102,102,101,100,100,101,101,103,103,103,103,102,101,100,100,99,101,103,103,102,100,101,101,101,101,102,102,103,104,105,106
107,104,108,113,98,58,36,49,70,83,81,73,59,91,96,103,110,114,108,120,104,51,32,43,59,92,81,95,129,124,107,109,105,101,102,104,105,101,96,100,101,96,98,97,101,101,104,102,104,103,105,107,106,105,107,107,105,105,104,105,105,105,104,104,103,102,104,105,103,103,103,102,101,100,99,97,96,96,95,95,96,98,100,100,101,102,103,103,104,104,105,105,104,104,104,104,104,104,103,103,102,102,103,104,102,102,102,101,101,100,100,100,100,100,101,102,102,101,101,100,101,101,101,102,104,105,105,105
102,108,106,106,110,112,101,77,47,60,50,32,54,102,114,96,103,112,111,111,111,117,110,74,42,28,52,58,82,84,106,126,119,105,103,98,98,101,97,98,96,94,95,96,102,99,99,101,103,101,102,105,103,102,102,102,103,103,103,103,104,104,104,104,105,104,105,106,104,104,105,102,103,101,99,98,97,96,95,94,95,98,100,100,100,101,102,103,103,103,104,105,105,105,105,104,105,105,104,104,103,104,105,107,104,103,102,102,101,101,101,101,100,99,99,101,102,102,101,100,101,100,100,102,105,106,105,103
105,102,104,108,105,107,113,110,83,55,32,33,54,60,111,117,103,103,118,116,109,114,115,114,121,102,62,45,41,60,74,72,83,117,130,113,102,99,95,95,92,94,94,94,97,96,97,103,101,100,102,104,104,105,106,104,103,102,103,103,104,104,104,103,106,105,107,107,105,105,106,103,104,102,100,98,98,97,95,94,95,97,99,100,99,99,100,102,102,103,103,105,107,107,106,105,105,105,105,105,104,105,106,106,106,105,104,103,102,101,101,101,100,99,99,100,101,102,101,100,101,100,100,103,105,106,105,103
101,103,102,100,105,107,104,111,109,108,89,34,33,52,75,145,149,100,96,108,111,116,112,111,111,111,114,120,94,64,33,47,63,74,91,126,128,131,120,95,88,92,91,91,94,97,95,98,97,98,101,101,101,104,104,101,103,103,103,103,104,104,104,104,105,105,107,107,105,106,107,104,104,102,100,98,98,97,96,95,94,96,98,99,98,98,99,101,104,104,104,105,106,106,105,103,105,106,107,107,107,106,106,106,107,106,105,104,103,102,101,101,100,100,100,100,101,101,101,100,100,101,101,103,105,105,105,104
98,101,105,103,105,108,106,108,108,109,106,99,77,52,44,73,133,132,120,110,113,107,96,103,102,102,107,105,105,106,113,81,60,44,57,93,140,72,81,117,132,124,105,93,89,94,94,95,97,99,102,103,103,106,107,104,102,102,102,103,104,104,104,103,103,104,106,106,105,106,107,104,103,101,99,98,98,98,97,96,95,96,97,98,98,98,98,100,102,102,102,103,104,104,104,104,106,107,108,109,108,108,107,107,107,107,107,106,105,104,103,103,102,102,102,101,100,100,100,101,100,101,102,103,103,104,105,106
101,99,104,109,103,101,108,105,102,105,105,107,114,111,86,57,37,42,74,97,86,71,91,138,153,130,120,108,93,97,89,96,96,104,78,57,43,19,28,56,65,75,89,108,115,119,110,102,97,96,100,104,103,102,104,105,102,102,102,102,102,102,102,101,101,102,104,104,104,106,107,104,101,100,99,99,98,98,98,98,97,96,97,99,99,99,99,99,98,99,99,100,100,101,103,104,104,105,106,107,106,106,106,106,106,106,108,108,108,107,106,105,104,103,103,102,100,100,100,101,101,101,102,102,102,104,105,107
102,111,103,107,110,104,108,105,106,105,107,112,107,114,116,119,72,32,39,47,53,71,79,100,134,149,167,141,140,167,157,132,127,113,105,100,98,86,72,50,36,35,37,50,55,72,86,95,127,120,120,121,114,104,101,104,103,103,102,101,101,100,99,98,99,101,103,104,103,106,107,104,100,100,100,99,99,99,99,100,98,97,97,99,100,99,99,99,98,98,98,98,97,98,100,101,100,101,102,103,103,103,103,104,102,104,106,108,109,108,107,106,105,104,103,102,101,100,100,100,102,102,101,101,102,104,106,107
